{
  "model_name": "churn_predictor",
  "model_type": "RandomForestClassifier",
  "version": "1.0.0",
  "trained_at": "2025-08-19T20:14:25.987771",
  "dataset_size": 5634,
  "features": [
    "age",
    "tenure",
    "monthly_charges",
    "total_charges"
  ],
  "target_column": "churn",
  "churn_rate": 0.2653532126375577,
  "metrics": {
    "accuracy": 0.7888198757763976,
    "precision": 0.6405529953917051,
    "recall": 0.46488294314381273,
    "f1_score": 0.5387596899224806,
    "auc_roc": 0.8047598274441374
  },
  "feature_importance": {
    "age": 0.1312891958661883,
    "tenure": 0.30546642753463954,
    "monthly_charges": 0.32751049529463416,
    "total_charges": 0.235733881304538
  },
  "model_params": {
    "n_estimators": 100,
    "max_depth": 10,
    "min_samples_split": 10,
    "min_samples_leaf": 5,
    "random_state": 42
  }
}